variavel,v1_385,v2_385,v1_2016,v2_2016,dif_385_pct
"Fotossíntese, GPP (kgC m⁻² ano⁻¹)",11.315003419686755,4.452694019371422,11.937692621588662,4.738552556138949,-60.64787738707824
Respiração autotrófica (kgC m⁻² ano⁻¹),9.846737828874405,3.3864688846065376,10.595628606354694,3.663763026728069,-65.60821519309559
NPP (kgC m⁻² ano⁻¹),1.4682655908123483,1.0662251347648843,1.342064015233971,1.0747895294108794,-27.381998091028393
NPP / GPP,0.1297627173720285,0.23945618767565827,0.11242239667043544,0.22681810883757203,84.53388810372984
LAI (m² m⁻²),6.424916415257885,6.836790887540066,6.53677531194091,6.789659494868477,6.410581020230266
"SLA efetivo, LAI / folha (m² kgC⁻¹)",4.763719023495904,15.659971067598402,4.7419526187309815,15.808620396135932,228.73414637511874
Longevidade foliar efetiva (anos),3.772372986313078,1.1426415238934542,3.9254801806421815,1.1395812011503479,-69.71027180930449
Folha (kgC m⁻²),1.3487185922529272,0.4365774916203948,1.3784986560431407,0.4294909564991553,-67.63020142762866
Raiz fina (kgC m⁻²),3.0952040481933123,1.157221484710542,2.9747523397706237,1.172081166447335,-62.61243308382145
Sapwood (kgC m⁻²),4.803829267166746,7.1890234069776335,4.697821144561137,7.5504480882226686,49.651934054218636
Heartwood (kgC m⁻²),13.266900747373116,18.182192636483386,13.456638653043516,18.57599767495398,37.04928515488828
Biomassa total (kgC m⁻²),22.536514209779185,26.968023912025558,22.5225537110197,27.730733250940723,19.663687387481723
PLSs vivos (de 3000),1785.0,1971.0,1780.0,1971.0,10.420168067226898
Serapilheira foliar (gC m⁻² ano⁻¹),357.5252492652098,382.07739040744286,351.16688726158026,376.8849083028103,6.867246772834346
Carbono no solo (gC m⁻²),12221.185273738567,9169.966857005342,12039.136470537602,9088.943407226096,-24.96663251877721
Evapotranspiração (mm dia⁻¹),1.9278467921120883,1.2787507210508609,2.0327711530808292,1.3195936117588192,-33.669484199524916
Escoamento (mm dia⁻¹),6.806845601641188,7.449446127403751,4.550911116791584,5.361032698504048,9.440503918696596
N mineral do solo (g m⁻²),185.79666907782746,168.84339636327073,192.13276272553387,175.01965422979825,-9.12463759372094
Reserva de N das plantas (g m⁻²),9.551358943115543,3.392445912244209,18.428519523368188,5.6694435682241595,-64.48206027594192
Absorção de N (g m⁻² ano⁻¹),20.77248366092303,12.056229305213256,18.386381990499924,12.023651324014471,-41.96057870589013
Absorção de P (g m⁻² ano⁻¹),2.6899812172161512,1.9519626912414798,2.588561450100677,1.9958484725485954,-27.435824505066375
Área limitada por P,0.5916285272024547,0.3142055514000556,0.5564797061375761,0.3454114670685696,-46.89141294693946
